Gene_Name	Gene_Name_Site	Gene	Hugo_Symbol	Chromosome	POS_VCF	Reference_Allele	Tumor_Seq_Allele2	Variant_Type	VAF_tum	t_depth	Tumor_Sample_Barcode	Main_consequence_VEP	Consequence	Mutation	Direction
CAPNS1/ENSG00000126247	CAPNS1/ENSG00000126247/36141152/T	ENSG00000126247	CAPNS1	chr19	36141152	C	T	SNP	0.15	26	SW837_C9_CDS2_gRNA_R3_DNA	synonymous_variant	synonymous_variant	C>T/G>A	Forward
CDS2/ENSG00000101290	CDS2/ENSG00000101290/5178921/-	ENSG00000101290	CDS2	chr20	5178921	CCACCGGTTCATTT	-	DEL	0.079	63	SW837_C9_CDS2_gRNA_R1_DNA	frameshift_variant	frameshift_variant	Indel	NA
CDS2/ENSG00000101290	CDS2/ENSG00000101290/5178924/-	ENSG00000101290	CDS2	chr20	5178924	CCGGTTCATTT	-	DEL	0.082	61	SW837_C9_CDS2_gRNA_R1_DNA	frameshift_variant	frameshift_variant	Indel	NA
CDS2/ENSG00000101290	CDS2/ENSG00000101290/5178926/G	ENSG00000101290	CDS2	chr20	5178926	-	G	INS	0.093	54	SW837_C9_CDS2_gRNA_R1_DNA	frameshift_variant	frameshift_variant	Indel	NA
CDS2/ENSG00000101290	CDS2/ENSG00000101290/5178926/-	ENSG00000101290	CDS2	chr20	5178926	G	-	DEL	0.151	53	SW837_C9_CDS2_gRNA_R1_DNA	frameshift_variant	frameshift_variant	Indel	NA
TRIO/ENSG00000038382	TRIO/ENSG00000038382/14476894/T	ENSG00000038382	TRIO	chr5	14476894	-	T	INS	0.043	47	SW837_C9_CDS2_gRNA_R1_DNA	frameshift_variant	frameshift_variant&splice_region_variant	Indel	NA
SLC23A2/ENSG00000089057	SLC23A2/ENSG00000089057/4869922/-	ENSG00000089057	SLC23A2	chr20	4869922	G	-	DEL	0.056	54	SW837_C9_CDS2_gRNA_R2_DNA	frameshift_variant	frameshift_variant	Indel	NA
CDS2/ENSG00000101290	CDS2/ENSG00000101290/5178924/-	ENSG00000101290	CDS2	chr20	5178924	CCGGTTCATTT	-	DEL	0.158	57	SW837_C9_CDS2_gRNA_R2_DNA	frameshift_variant	frameshift_variant	Indel	NA
CDS2/ENSG00000101290	CDS2/ENSG00000101290/5178926/G	ENSG00000101290	CDS2	chr20	5178926	-	G	INS	0.182	55	SW837_C9_CDS2_gRNA_R2_DNA	frameshift_variant	frameshift_variant	Indel	NA
CDS2/ENSG00000101290	CDS2/ENSG00000101290/5178926/-	ENSG00000101290	CDS2	chr20	5178926	G	-	DEL	0.091	55	SW837_C9_CDS2_gRNA_R2_DNA	frameshift_variant	frameshift_variant	Indel	NA
PPP2R3C/ENSG00000092020	PPP2R3C/ENSG00000092020/35116728/-	ENSG00000092020	PPP2R3C	chr14	35116728	T	-	DEL	0.054	37	SW837_C9_CDS2_gRNA_R3_DNA	frameshift_variant	frameshift_variant	Indel	NA
SLC23A2/ENSG00000089057	SLC23A2/ENSG00000089057/4869922/-	ENSG00000089057	SLC23A2	chr20	4869922	G	-	DEL	0.075	40	SW837_C9_CDS2_gRNA_R3_DNA	frameshift_variant	frameshift_variant	Indel	NA
CDS2/ENSG00000101290	CDS2/ENSG00000101290/5178922/-	ENSG00000101290	CDS2	chr20	5178922	CACCGGTT	-	DEL	0.069	72	SW837_C9_CDS2_gRNA_R3_DNA	frameshift_variant	frameshift_variant	Indel	NA
CDS2/ENSG00000101290	CDS2/ENSG00000101290/5178924/-	ENSG00000101290	CDS2	chr20	5178924	CCGGTTCATTT	-	DEL	0.129	70	SW837_C9_CDS2_gRNA_R3_DNA	frameshift_variant	frameshift_variant	Indel	NA
CDS2/ENSG00000101290	CDS2/ENSG00000101290/5178925/-	ENSG00000101290	CDS2	chr20	5178925	CGGTT	-	DEL	0.046	65	SW837_C9_CDS2_gRNA_R3_DNA	frameshift_variant	frameshift_variant	Indel	NA
CDS2/ENSG00000101290	CDS2/ENSG00000101290/5178926/G	ENSG00000101290	CDS2	chr20	5178926	-	G	INS	0.172	64	SW837_C9_CDS2_gRNA_R3_DNA	frameshift_variant	frameshift_variant	Indel	NA
CDS2/ENSG00000101290	CDS2/ENSG00000101290/5178926/-	ENSG00000101290	CDS2	chr20	5178926	G	-	DEL	0.078	64	SW837_C9_CDS2_gRNA_R3_DNA	frameshift_variant	frameshift_variant	Indel	NA
KANK1/ENSG00000107104	KANK1/ENSG00000107104/732474/-	ENSG00000107104	KANK1	chr9	732474	GAG	-	DEL	0.041	74	SW837_C9_CDS2_gRNA_R3_DNA	inframe_deletion	inframe_deletion	Indel	NA
SIX4/ENSG00000100625	SIX4/ENSG00000100625/60723769/-	ENSG00000100625	SIX4	chr14	60723769	GCG	-	DEL	0.051	39	SW837_C9_safe_gRNA_R1_DNA	inframe_deletion	inframe_deletion	Indel	NA
SLC23A2/ENSG00000089057	SLC23A2/ENSG00000089057/4869922/-	ENSG00000089057	SLC23A2	chr20	4869922	G	-	DEL	0.098	41	SW837_C9_safe_gRNA_R3_DNA	frameshift_variant	frameshift_variant	Indel	NA
