Gene_Name	Gene	Hugo_Symbol	Chromosome	POS_VCF	Reference_Allele	Tumor_Seq_Allele2	Variant_Type	VAF_tum	t_depth	Tumor_Sample_Barcode	Main_consequence_VEP	Consequence	Mutation	Direction
CAPNS1/ENSG00000126247	ENSG00000126247	CAPNS1	chr19	36141152	C	T	SNP	0.15	26	SW837_C9_CDS2_gRNA_R3_DNA	synonymous_variant	synonymous_variant	C>T/G>A	Forward
DOCK4/ENSG00000128512	ENSG00000128512	DOCK4	chr7	111834595	T	A	SNP	0.075	53	SW837_C9_CDS2_gRNA_R3_DNA	missense_variant	missense_variant	T>A/A>T	Forward
WASHC4/ENSG00000136051	ENSG00000136051	WASHC4	chr12	105133901	T	G	SNP	0.26	42	SW837_C9_safe_gRNA_R2_DNA	splice_donor_variant	splice_donor_variant	T>G/A>C	Forward
CDS2/ENSG00000101290	ENSG00000101290	CDS2	chr20	5178921	CCACCGGTTCATTT	-	DEL	0.079	63	SW837_C9_CDS2_gRNA_R1_DNA	frameshift_variant	frameshift_variant	Indel	NA
CDS2/ENSG00000101290	ENSG00000101290	CDS2	chr20	5178924	CCGGTTCATTT	-	DEL	0.082	61	SW837_C9_CDS2_gRNA_R1_DNA	frameshift_variant	frameshift_variant	Indel	NA
CDS2/ENSG00000101290	ENSG00000101290	CDS2	chr20	5178926	-	G	INS	0.093	54	SW837_C9_CDS2_gRNA_R1_DNA	frameshift_variant	frameshift_variant	Indel	NA
CDS2/ENSG00000101290	ENSG00000101290	CDS2	chr20	5178926	G	-	DEL	0.151	53	SW837_C9_CDS2_gRNA_R1_DNA	frameshift_variant	frameshift_variant	Indel	NA
TRIO/ENSG00000038382	ENSG00000038382	TRIO	chr5	14476894	-	T	INS	0.043	47	SW837_C9_CDS2_gRNA_R1_DNA	frameshift_variant	frameshift_variant&splice_region_variant	Indel	NA
ROM1/ENSG00000149489	ENSG00000149489	ROM1	chr11	62613611	-	G	INS	0.048	83	SW837_C9_CDS2_gRNA_R2_DNA	frameshift_variant	frameshift_variant	Indel	NA
SLC23A2/ENSG00000089057	ENSG00000089057	SLC23A2	chr20	4869922	G	-	DEL	0.056	54	SW837_C9_CDS2_gRNA_R2_DNA	frameshift_variant	frameshift_variant	Indel	NA
CDS2/ENSG00000101290	ENSG00000101290	CDS2	chr20	5178924	CCGGTTCATTT	-	DEL	0.158	57	SW837_C9_CDS2_gRNA_R2_DNA	frameshift_variant	frameshift_variant	Indel	NA
CDS2/ENSG00000101290	ENSG00000101290	CDS2	chr20	5178926	-	G	INS	0.182	55	SW837_C9_CDS2_gRNA_R2_DNA	frameshift_variant	frameshift_variant	Indel	NA
CDS2/ENSG00000101290	ENSG00000101290	CDS2	chr20	5178926	G	-	DEL	0.091	55	SW837_C9_CDS2_gRNA_R2_DNA	frameshift_variant	frameshift_variant	Indel	NA
PPP2R3C/ENSG00000092020	ENSG00000092020	PPP2R3C	chr14	35116728	T	-	DEL	0.054	37	SW837_C9_CDS2_gRNA_R3_DNA	frameshift_variant	frameshift_variant	Indel	NA
SLC23A2/ENSG00000089057	ENSG00000089057	SLC23A2	chr20	4869922	G	-	DEL	0.075	40	SW837_C9_CDS2_gRNA_R3_DNA	frameshift_variant	frameshift_variant	Indel	NA
CDS2/ENSG00000101290	ENSG00000101290	CDS2	chr20	5178922	CACCGGTT	-	DEL	0.069	72	SW837_C9_CDS2_gRNA_R3_DNA	frameshift_variant	frameshift_variant	Indel	NA
CDS2/ENSG00000101290	ENSG00000101290	CDS2	chr20	5178924	CCGGTTCATTT	-	DEL	0.129	70	SW837_C9_CDS2_gRNA_R3_DNA	frameshift_variant	frameshift_variant	Indel	NA
CDS2/ENSG00000101290	ENSG00000101290	CDS2	chr20	5178925	CGGTT	-	DEL	0.046	65	SW837_C9_CDS2_gRNA_R3_DNA	frameshift_variant	frameshift_variant	Indel	NA
CDS2/ENSG00000101290	ENSG00000101290	CDS2	chr20	5178926	-	G	INS	0.172	64	SW837_C9_CDS2_gRNA_R3_DNA	frameshift_variant	frameshift_variant	Indel	NA
CDS2/ENSG00000101290	ENSG00000101290	CDS2	chr20	5178926	G	-	DEL	0.078	64	SW837_C9_CDS2_gRNA_R3_DNA	frameshift_variant	frameshift_variant	Indel	NA
KANK1/ENSG00000107104	ENSG00000107104	KANK1	chr9	732474	GAG	-	DEL	0.041	74	SW837_C9_CDS2_gRNA_R3_DNA	inframe_deletion	inframe_deletion	Indel	NA
KIF21A/ENSG00000139116	ENSG00000139116	KIF21A	chr12	39319981	-	T	INS	0.07	71	SW837_C9_safe_gRNA_R1_DNA	frameshift_variant	frameshift_variant	Indel	NA
SIX4/ENSG00000100625	ENSG00000100625	SIX4	chr14	60723769	GCG	-	DEL	0.051	39	SW837_C9_safe_gRNA_R1_DNA	inframe_deletion	inframe_deletion	Indel	NA
SLC23A2/ENSG00000089057	ENSG00000089057	SLC23A2	chr20	4869922	G	-	DEL	0.098	41	SW837_C9_safe_gRNA_R3_DNA	frameshift_variant	frameshift_variant	Indel	NA
