Sample_name	Study_ID	Project_ID	SANGER_SAMPLE_ID	SUPPLIER_SAMPLE_NAME	DNA_source	Public_name	Donor_ID	RNA_Sample_name	Group	Phenotype	Diagnosis	Cell_line	Cas9_expression	Antibiotic_treatment	CDS2_targeting	CDS2_status	gRNA_used	gRNA_WGE_ID	gRNAsequence_wOPAM	Mouse_ID
SW837_C9_CDS2_gRNA_R1_DNA	7688	3365	7688STDY14738657	SW837_C9_CDS2_gRNA_R1_DNA	Cell Line	SW837_C9_CDS2_gRNA_R1_DNA	SW837_C9_CDS2_gRNA_R1_DNA	SW837_C9_CDS2_gRNA_R1_RNA	SW837_C9_CDS2_gRNA	Adenocarcinoma	Colorectal adenocarcinoma	SW837	constitutive	puromycin	TRUE	CDS2_gRNA	WGE_ID_1169389597	1169389597	GAGTAAAGGAAATGAACCGG	NA
SW837_C9_CDS2_gRNA_R2_DNA	7688	3365	7688STDY14738658	SW837_C9_CDS2_gRNA_R2_DNA	Cell Line	SW837_C9_CDS2_gRNA_R2_DNA	SW837_C9_CDS2_gRNA_R2_DNA	SW837_C9_CDS2_gRNA_R2_RNA	SW837_C9_CDS2_gRNA	Adenocarcinoma	Colorectal adenocarcinoma	SW837	constitutive	puromycin	TRUE	CDS2_gRNA	WGE_ID_1169389597	1169389597	GAGTAAAGGAAATGAACCGG	NA
SW837_C9_CDS2_gRNA_R3_DNA	7688	3365	7688STDY14738659	SW837_C9_CDS2_gRNA_R3_DNA	Cell Line	SW837_C9_CDS2_gRNA_R3_DNA	SW837_C9_CDS2_gRNA_R3_DNA	SW837_C9_CDS2_gRNA_R3_RNA	SW837_C9_CDS2_gRNA	Adenocarcinoma	Colorectal adenocarcinoma	SW837	constitutive	puromycin	TRUE	CDS2_gRNA	WGE_ID_1169389597	1169389597	GAGTAAAGGAAATGAACCGG	NA
SW837_C9_safe_gRNA_R1_DNA	7688	3365	7688STDY14738660	SW837_C9_safe_gRNA_R1_DNA	Cell Line	SW837_C9_safe_gRNA_R1_DNA	SW837_C9_safe_gRNA_R1_DNA	SW837_C9_safe_gRNA_R1_RNA	SW837_C9_safe_gRNA	Adenocarcinoma	Colorectal adenocarcinoma	SW837	constitutive	puromycin	FALSE	WT	WGE_ID_991156101	991156101	GTATCAACAGAGTGTCAGAT	NA
SW837_C9_safe_gRNA_R2_DNA	7688	3365	7688STDY14738661	SW837_C9_safe_gRNA_R2_DNA	Cell Line	SW837_C9_safe_gRNA_R2_DNA	SW837_C9_safe_gRNA_R2_DNA	SW837_C9_safe_gRNA_R2_RNA	SW837_C9_safe_gRNA	Adenocarcinoma	Colorectal adenocarcinoma	SW837	constitutive	puromycin	FALSE	WT	WGE_ID_991156101	991156101	GTATCAACAGAGTGTCAGAT	NA
SW837_C9_safe_gRNA_R3_DNA	7688	3365	7688STDY14738662	SW837_C9_safe_gRNA_R3_DNA	Cell Line	SW837_C9_safe_gRNA_R3_DNA	SW837_C9_safe_gRNA_R3_DNA	SW837_C9_safe_gRNA_R3_RNA	SW837_C9_safe_gRNA	Adenocarcinoma	Colorectal adenocarcinoma	SW837	constitutive	puromycin	FALSE	WT	WGE_ID_991156101	991156101	GTATCAACAGAGTGTCAGAT	NA
SW837_C9_uninfected_R1_DNA	7688	3365	7688STDY14738663	SW837_C9_uninfected_R1_DNA	Cell Line	SW837_C9_uninfected_R1_DNA	SW837_C9_uninfected_R1_DNA	SW837_C9_uninfected_R1_RNA	SW837_C9_uninfected	Adenocarcinoma	Colorectal adenocarcinoma	SW837	constitutive	no_treatment	FALSE	WT	NA	NA	NA	NA
SW837_C9_uninfected_R2_DNA	7688	3365	7688STDY14738664	SW837_C9_uninfected_R2_DNA	Cell Line	SW837_C9_uninfected_R2_DNA	SW837_C9_uninfected_R2_DNA	SW837_C9_uninfected_R2_RNA	SW837_C9_uninfected	Adenocarcinoma	Colorectal adenocarcinoma	SW837	constitutive	no_treatment	FALSE	WT	NA	NA	NA	NA
SW837_C9_uninfected_R3_DNA	7688	3365	7688STDY14738665	SW837_C9_uninfected_R3_DNA	Cell Line	SW837_C9_uninfected_R3_DNA	SW837_C9_uninfected_R3_DNA	SW837_C9_uninfected_R3_RNA	SW837_C9_uninfected	Adenocarcinoma	Colorectal adenocarcinoma	SW837	constitutive	no_treatment	FALSE	WT	NA	NA	NA	
CDS2_Tumour_Cas9_WT_R1_DNA	7688	3365	7688STDY14738666	CDS2_Tumour_Cas9_WT_R1_DNA	Cell Line	CDS2_Tumour_Cas9_WT_R1_DNA	CDS2_Tumour_Cas9_WT_R1_DNA	CDS2_Tumour_Cas9_WT_R1_RNA	CDS2_Tumour_Cas9_WT	Xenograft cells	Uveal melanoma	OMM2.5	constitutive	doxycycline	FALSE	WT	NA	NA	NA	M01005133
CDS2_Tumour_Cas9_WT_R2_DNA	7688	3365	7688STDY14738667	CDS2_Tumour_Cas9_WT_R2_DNA	Cell Line	CDS2_Tumour_Cas9_WT_R2_DNA	CDS2_Tumour_Cas9_WT_R2_DNA	CDS2_Tumour_Cas9_WT_R2_RNA	CDS2_Tumour_Cas9_WT	Xenograft cells	Uveal melanoma	OMM2.5	constitutive	doxycycline	FALSE	WT	NA	NA	NA	M01005129
CDS2_Tumour_Non-treated_R1_DNA	7688	3365	7688STDY14738668	CDS2_Tumour_Non-treated_R1_DNA	Cell Line	CDS2_Tumour_Non-treated_R1_DNA	CDS2_Tumour_Non-treated_R1_DNA	CDS2_Tumour_Non-treated_R1_RNA	CDS2_Tumour_Non-treated	Xenograft cells	Uveal melanoma	OMM2.5	constitutive	no_treatment	TRUE	CDS2_gRNA	WGE_ID_1169389597	1169389597	GAGTAAAGGAAATGAACCGG	M01005125
CDS2_Tumour_R1_DNA	7688	3365	7688STDY14738669	CDS2_Tumour_R1_DNA	Cell Line	CDS2_Tumour_R1_DNA	CDS2_Tumour_R1_DNA	CDS2_Tumour_R1_RNA	CDS2_Tumour_Non-treated	Xenograft cells	Uveal melanoma	OMM2.5	constitutive	no_treatment	TRUE	CDS2_gRNA	WGE_ID_1169389597	1169389597	GAGTAAAGGAAATGAACCGG	M01005111
CDS2_Tumour_Cas9_WT_R3_DNA	7688	3365	7688STDY14738670	CDS2_Tumour_Cas9_WT_R3_DNA	Cell Line	CDS2_Tumour_Cas9_WT_R3_DNA	CDS2_Tumour_Cas9_WT_R3_DNA	CDS2_Tumour_Cas9_WT_R3_RNA	CDS2_Tumour_Cas9_WT	Xenograft cells	Uveal melanoma	OMM2.5	constitutive	doxycycline	FALSE	WT	NA	NA	NA	M01005131
CDS2_Tumour_Cas9_WT_R4_DNA	7688	3365	7688STDY14738671	CDS2_Tumour_Cas9_WT_R4_DNA	Cell Line	CDS2_Tumour_Cas9_WT_R4_DNA	CDS2_Tumour_Cas9_WT_R4_DNA	CDS2_Tumour_Cas9_WT_R4_RNA	CDS2_Tumour_Cas9_WT	Xenograft cells	Uveal melanoma	OMM2.5	constitutive	doxycycline	FALSE	WT	NA	NA	NA	M01005130
CDS2_Tumour_Non-treated_R2_DNA	7688	3365	7688STDY14738672	CDS2_Tumour_Non-treated_R2_DNA	Cell Line	CDS2_Tumour_Non-treated_R2_DNA	CDS2_Tumour_Non-treated_R2_DNA	CDS2_Tumour_Non-treated_R2_RNA	CDS2_Tumour_Non-treated	Xenograft cells	Uveal melanoma	OMM2.5	constitutive	no_treatment	TRUE	CDS2_gRNA	WGE_ID_1169389597	1169389597	GAGTAAAGGAAATGAACCGG	M01005112
CDS2_Tumour_R2_DNA	7688	3365	7688STDY14738673	CDS2_Tumour_R2_DNA	Cell Line	CDS2_Tumour_R2_DNA	CDS2_Tumour_R2_DNA	CDS2_Tumour_R2_RNA	CDS2_Tumour_Non-treated	Xenograft cells	Uveal melanoma	OMM2.5	constitutive	no_treatment	TRUE	CDS2_gRNA	WGE_ID_1169389597	1169389597	GAGTAAAGGAAATGAACCGG	M01005127
CDS2_Tumour_Treated_R1_DNA	7688	3365	7688STDY14738674	CDS2_Tumour_Treated_R1_DNA	Cell Line	CDS2_Tumour_Treated_R1_DNA	CDS2_Tumour_Treated_R1_DNA	CDS2_Tumour_Treated_R1_RNA	CDS2_Tumour_Treated	Xenograft cells	Uveal melanoma	OMM2.5	constitutive	doxycycline	TRUE	CDS2_gRNA	WGE_ID_1169389597	1169389597	GAGTAAAGGAAATGAACCGG	M01005126
CDS2_Tumour_Treated_R2_DNA	7688	3365	7688STDY14738675	CDS2_Tumour_Treated_R2_DNA	Cell Line	CDS2_Tumour_Treated_R2_DNA	CDS2_Tumour_Treated_R2_DNA	CDS2_Tumour_Treated_R2_RNA	CDS2_Tumour_Treated	Xenograft cells	Uveal melanoma	OMM2.5	constitutive	doxycycline	TRUE	CDS2_gRNA	WGE_ID_1169389597	1169389597	GAGTAAAGGAAATGAACCGG	M01005099
CDS2_Tumour_Treated_R3_DNA	7688	3365	7688STDY14738676	CDS2_Tumour_Treated_R3_DNA	Cell Line	CDS2_Tumour_Treated_R3_DNA	CDS2_Tumour_Treated_R3_DNA	CDS2_Tumour_Treated_R3_RNA	CDS2_Tumour_Treated	Xenograft cells	Uveal melanoma	OMM2.5	constitutive	doxycycline	TRUE	CDS2_gRNA	WGE_ID_1169389597	1169389597	GAGTAAAGGAAATGAACCGG	M01005107
CDS2_Tumour_Treated_R4_DNA	7688	3365	7688STDY14738677	CDS2_Tumour_Treated_R4_DNA	Cell Line	CDS2_Tumour_Treated_R4_DNA	CDS2_Tumour_Treated_R4_DNA	CDS2_Tumour_Treated_R4_RNA	CDS2_Tumour_Treated	Xenograft cells	Uveal melanoma	OMM2.5	constitutive	doxycycline	TRUE	CDS2_gRNA	WGE_ID_1169389597	1169389597	GAGTAAAGGAAATGAACCGG	M01005106